m,n,dup,mode,ms,out_n
8,64,0.00,sort,0.002,64
8,64,0.00,absl,0.003,64
8,128,0.00,sort,0.005,128
8,128,0.00,absl,0.035,128
8,256,0.00,sort,0.013,256
8,256,0.00,absl,0.055,256
8,512,0.00,sort,0.049,512
8,512,0.00,absl,0.092,512
8,1024,0.00,sort,0.115,1024
8,1024,0.00,absl,0.181,1024
8,2048,0.00,sort,0.181,2048
8,2048,0.00,absl,0.150,2048
8,4096,0.00,sort,0.397,4096
8,4096,0.00,absl,0.663,4096
8,8192,0.00,sort,1.030,8192
8,8192,0.00,absl,1.264,8192
8,16384,0.00,sort,2.084,16384
8,16384,0.00,absl,3.063,16384
8,64,0.05,sort,0.006,64
8,64,0.05,absl,0.021,64
8,128,0.05,sort,0.007,121
8,128,0.05,absl,0.038,121
8,256,0.05,sort,0.030,238
8,256,0.05,absl,0.076,238
8,512,0.05,sort,0.062,474
8,512,0.05,absl,0.097,474
8,1024,0.05,sort,0.097,964
8,1024,0.05,absl,0.152,964
8,2048,0.05,sort,0.168,1947
8,2048,0.05,absl,0.112,1947
8,4096,0.05,sort,0.376,3879
8,4096,0.05,absl,0.634,3879
8,8192,0.05,sort,0.828,7765
8,8192,0.05,absl,1.137,7765
8,16384,0.05,sort,2.204,15601
8,16384,0.05,absl,2.801,15601
8,64,0.20,sort,0.006,55
8,64,0.20,absl,0.020,55
8,128,0.20,sort,0.008,100
8,128,0.20,absl,0.035,100
8,256,0.20,sort,0.028,207
8,256,0.20,absl,0.073,207
8,512,0.20,sort,0.061,408
8,512,0.20,absl,0.146,408
8,1024,0.20,sort,0.096,813
8,1024,0.20,absl,0.151,813
8,2048,0.20,sort,0.167,1628
8,2048,0.20,absl,0.118,1628
8,4096,0.20,sort,0.372,3251
8,4096,0.20,absl,0.615,3251
8,8192,0.20,sort,0.842,6625
8,8192,0.20,absl,1.298,6625
8,16384,0.20,sort,2.147,13046
8,16384,0.20,absl,2.810,13046
8,64,0.50,sort,0.007,29
8,64,0.50,absl,0.019,29
8,128,0.50,sort,0.007,66
8,128,0.50,absl,0.033,66
8,256,0.50,sort,0.026,123
8,256,0.50,absl,0.060,123
8,512,0.50,sort,0.048,258
8,512,0.50,absl,0.077,258
8,1024,0.50,sort,0.093,529
8,1024,0.50,absl,0.144,529
8,2048,0.50,sort,0.155,1025
8,2048,0.50,absl,0.123,1025
8,4096,0.50,sort,0.342,1986
8,4096,0.50,absl,0.565,1986
8,8192,0.50,sort,0.836,4161
8,8192,0.50,absl,1.151,4161
8,16384,0.50,sort,2.096,8237
8,16384,0.50,absl,2.696,8237
8,64,0.80,sort,0.003,13
8,64,0.80,absl,0.011,13
8,128,0.80,sort,0.003,26
8,128,0.80,absl,0.018,26
8,256,0.80,sort,0.014,47
8,256,0.80,absl,0.038,47
8,512,0.80,sort,0.030,92
8,512,0.80,absl,0.067,92
8,1024,0.80,sort,0.069,218
8,1024,0.80,absl,0.142,218
8,2048,0.80,sort,0.093,410
8,2048,0.80,absl,0.140,410
8,4096,0.80,sort,0.255,810
8,4096,0.80,absl,0.499,810
8,8192,0.80,sort,0.593,1756
8,8192,0.80,absl,1.102,1756
8,16384,0.80,sort,1.789,3336
8,16384,0.80,absl,2.403,3336
12,64,0.00,sort,0.005,64
12,64,0.00,absl,0.021,64
12,128,0.00,sort,0.008,128
12,128,0.00,absl,0.036,128
12,256,0.00,sort,0.029,256
12,256,0.00,absl,0.079,256
12,512,0.00,sort,0.061,512
12,512,0.00,absl,0.152,512
12,1024,0.00,sort,0.096,1024
12,1024,0.00,absl,0.167,1024
12,2048,0.00,sort,0.167,2048
12,2048,0.00,absl,0.137,2048
12,4096,0.00,sort,0.368,4096
12,4096,0.00,absl,0.650,4096
12,8192,0.00,sort,0.854,8192
12,8192,0.00,absl,1.163,8192
12,16384,0.00,sort,2.102,16384
12,16384,0.00,absl,3.127,16384
12,64,0.05,sort,0.006,63
12,64,0.05,absl,0.021,63
12,128,0.05,sort,0.007,120
12,128,0.05,absl,0.037,120
12,256,0.05,sort,0.029,245
12,256,0.05,absl,0.078,245
12,512,0.05,sort,0.066,485
12,512,0.05,absl,0.163,485
12,1024,0.05,sort,0.114,979
12,1024,0.05,absl,0.158,979
12,2048,0.05,sort,0.167,1947
12,2048,0.05,absl,0.114,1947
12,4096,0.05,sort,0.371,3902
12,4096,0.05,absl,0.624,3902
12,8192,0.05,sort,0.890,7820
12,8192,0.05,absl,1.255,7820
12,16384,0.05,sort,2.074,15536
12,16384,0.05,absl,3.005,15536
12,64,0.20,sort,0.006,54
12,64,0.20,absl,0.021,54
12,128,0.20,sort,0.008,99
12,128,0.20,absl,0.035,99
12,256,0.20,sort,0.029,206
12,256,0.20,absl,0.076,206
12,512,0.20,sort,0.050,425
12,512,0.20,absl,0.088,425
12,1024,0.20,sort,0.097,812
12,1024,0.20,absl,0.149,812
12,2048,0.20,sort,0.167,1632
12,2048,0.20,absl,0.118,1632
12,4096,0.20,sort,0.403,3311
12,4096,0.20,absl,0.525,3311
12,8192,0.20,sort,0.842,6513
12,8192,0.20,absl,1.111,6513
12,16384,0.20,sort,2.206,13047
12,16384,0.20,absl,2.852,13047
12,64,0.50,sort,0.004,33
12,64,0.50,absl,0.011,33
12,128,0.50,sort,0.005,79
12,128,0.50,absl,0.020,79
12,256,0.50,sort,0.019,135
12,256,0.50,absl,0.040,135
12,512,0.50,sort,0.046,269
12,512,0.50,absl,0.080,269
12,1024,0.50,sort,0.103,480
12,1024,0.50,absl,0.163,480
12,2048,0.50,sort,0.168,1044
12,2048,0.50,absl,0.129,1044
12,4096,0.50,sort,0.358,2101
12,4096,0.50,absl,0.618,2101
12,8192,0.50,sort,0.789,4111
12,8192,0.50,absl,1.151,4111
12,16384,0.50,sort,2.240,8137
12,16384,0.50,absl,2.794,8137
12,64,0.80,sort,0.005,17
12,64,0.80,absl,0.018,17
12,128,0.80,sort,0.004,25
12,128,0.80,absl,0.032,25
12,256,0.80,sort,0.021,50
12,256,0.80,absl,0.056,50
12,512,0.80,sort,0.042,101
12,512,0.80,absl,0.111,101
12,1024,0.80,sort,0.096,200
12,1024,0.80,absl,0.124,200
12,2048,0.80,sort,0.111,443
12,2048,0.80,absl,0.122,443
12,4096,0.80,sort,0.252,861
12,4096,0.80,absl,0.475,861
12,8192,0.80,sort,0.525,1661
12,8192,0.80,absl,0.936,1661
12,16384,0.80,sort,1.542,3247
12,16384,0.80,absl,2.229,3247
16,64,0.00,sort,0.004,64
16,64,0.00,absl,0.015,64
16,128,0.00,sort,0.005,128
16,128,0.00,absl,0.021,128
16,256,0.00,sort,0.020,256
16,256,0.00,absl,0.042,256
16,512,0.00,sort,0.044,512
16,512,0.00,absl,0.082,512
16,1024,0.00,sort,0.098,1024
16,1024,0.00,absl,0.173,1024
16,2048,0.00,sort,0.170,2048
16,2048,0.00,absl,0.151,2048
16,4096,0.00,sort,0.391,4096
16,4096,0.00,absl,0.679,4096
16,8192,0.00,sort,0.808,8192
16,8192,0.00,absl,1.209,8192
16,16384,0.00,sort,2.374,16384
16,16384,0.00,absl,3.604,16384
16,64,0.05,sort,0.006,60
16,64,0.05,absl,0.021,60
16,128,0.05,sort,0.008,120
16,128,0.05,absl,0.037,120
16,256,0.05,sort,0.029,242
16,256,0.05,absl,0.075,242
16,512,0.05,sort,0.099,475
16,512,0.05,absl,0.222,475
16,1024,0.05,sort,0.099,969
16,1024,0.05,absl,0.182,969
16,2048,0.05,sort,0.493,1925
16,2048,0.05,absl,0.321,1925
16,4096,0.05,sort,1.093,3877
16,4096,0.05,absl,1.297,3877
16,8192,0.05,sort,1.097,7816
16,8192,0.05,absl,1.486,7816
16,16384,0.05,sort,2.296,15584
16,16384,0.05,absl,4.011,15584
16,64,0.20,sort,0.008,54
16,64,0.20,absl,0.015,54
16,128,0.20,sort,0.006,104
16,128,0.20,absl,0.027,104
16,256,0.20,sort,0.023,206
16,256,0.20,absl,0.050,206
16,512,0.20,sort,0.064,414
16,512,0.20,absl,0.099,414
16,1024,0.20,sort,0.115,826
16,1024,0.20,absl,0.084,826
16,2048,0.20,sort,0.179,1674
16,2048,0.20,absl,0.080,1674
16,4096,0.20,sort,0.388,3268
16,4096,0.20,absl,0.590,3268
16,8192,0.20,sort,0.931,6584
16,8192,0.20,absl,1.318,6584
16,16384,0.20,sort,2.135,12980
16,16384,0.20,absl,2.697,12980
16,64,0.50,sort,0.005,38
16,64,0.50,absl,0.019,38
16,128,0.50,sort,0.007,62
16,128,0.50,absl,0.033,62
16,256,0.50,sort,0.019,126
16,256,0.50,absl,0.071,126
16,512,0.50,sort,0.045,252
16,512,0.50,absl,0.125,252
16,1024,0.50,sort,0.102,499
16,1024,0.50,absl,0.150,499
16,2048,0.50,sort,0.162,991
16,2048,0.50,absl,0.084,991
16,4096,0.50,sort,0.372,2103
16,4096,0.50,absl,0.583,2103
16,8192,0.50,sort,0.845,4117
16,8192,0.50,absl,1.189,4117
16,16384,0.50,sort,2.027,8203
16,16384,0.50,absl,2.711,8203
16,64,0.80,sort,0.005,12
16,64,0.80,absl,0.017,12
16,128,0.80,sort,0.005,20
16,128,0.80,absl,0.047,20
16,256,0.80,sort,0.032,57
16,256,0.80,absl,0.031,57
16,512,0.80,sort,0.040,104
16,512,0.80,absl,0.054,104
16,1024,0.80,sort,0.075,207
16,1024,0.80,absl,0.088,207
16,2048,0.80,sort,0.137,400
16,2048,0.80,absl,0.144,400
16,4096,0.80,sort,0.262,796
16,4096,0.80,absl,0.494,796
16,8192,0.80,sort,0.598,1691
16,8192,0.80,absl,1.044,1691
16,16384,0.80,sort,1.412,3297
16,16384,0.80,absl,2.539,3297
